Ground Truth Coordinates,Detection Coordinates,IoU Value,Distance GT,Distance DT,Distance Error (m)
"[664, 174, 743, 239]","[666, 176, 739, 233]",0.8103213242453748,17.309777537116815,19.957657422664944,2.6478798855481287
"[532, 172, 576, 209]","[535, 171, 580, 206]",0.7705914870093975,31.335887346157413,36.011348119170464,4.67546077301305
"[643, 172, 681, 204]","[639, 171, 670, 203]",0.6105032822757112,34.92210622856619,39.56891207439324,4.646805845827046
