Ground Truth Coordinates,Detection Coordinates,IoU Value,Distance GT,Distance DT,Distance Error (m)
"[565, 181, 623, 228]","[564, 178, 621, 226]",0.8565601631543168,21.27789488383062,22.4075194566392,1.1296245728085808
"[33, 195, 434, 374]","[49, 207, 438, 371]",0.8716780561883067,4.607120757314618,6.737394661697717,2.130273904383099
"[321, 192, 491, 307]","[353, 194, 488, 300]",0.7319693094629156,9.421857748987916,9.679640940789618,0.2577831918017015
"[522, 178, 564, 208]","[522, 177, 564, 211]",0.8823529411764706,32.0961124320311,31.342526555983653,0.7535858760474454
"[778, 171, 1086, 374]","[777, 184, 1071, 370]",0.8690479987242864,5.7681367859568065,6.58738428339353,0.8192474974367236
"[646, 180, 704, 223]","[646, 180, 704, 224]",0.9772727272727273,23.394433674963995,23.372773105682647,0.021660569281348074
