Ground Truth Coordinates,Detection Coordinates,IoU Value,Distance GT,Distance DT,Distance Error (m)
"[779, 156, 1019, 307]","[781, 162, 1008, 300]",0.8644039735099338,9.116915006436805,10.067234538796798,0.9503195323599929
"[0, 197, 295, 374]","[0, 195, 284, 371]",0.9362105223272644,5.947630922123896,7.159586924452332,1.211956002328436
"[507, 176, 557, 210]","[506, 178, 553, 210]",0.8498845265588915,31.4833578055902,32.246904302878534,0.7635464972883348
"[741, 180, 844, 247]","[742, 181, 815, 242]",0.6452688016229532,15.745140389906208,17.683385668278135,1.9382452783719266
"[718, 173, 789, 227]","[716, 176, 762, 225]",0.5483214649033571,21.613467395484626,23.195317367325085,1.5818499718404588
"[697, 173, 740, 207]","[682, 173, 731, 209]",0.5584541062801932,32.10445655425988,33.232842504295924,1.1283859500360407
"[582, 173, 606, 191]","[580, 174, 610, 194]",0.6538461538461539,58.52591696882859,56.31229556749509,2.213621401333498
