Ground Truth Coordinates,Detection Coordinates,IoU Value,Distance GT,Distance DT,Distance Error (m)
"[332, 180, 465, 225]","[357, 178, 462, 216]",0.6101694915254238,25.11281169573172,28.634238977449243,3.521427281717525
"[642, 174, 715, 233]","[651, 173, 719, 231]",0.7925266130784271,20.207454987373957,20.58657531039746,0.3791203230235034
"[451, 186, 530, 246]","[451, 181, 528, 242]",0.8413658536585366,16.901940319187133,17.454457237905103,0.5525169187179699
"[0, 183, 289, 309]","[0, 182, 282, 301]",0.9068018312622629,10.07537177351009,11.077532566953433,1.002160793443343
"[0, 184, 169, 359]","[0, 209, 161, 330]",0.658698224852071,7.936478597184142,9.394352238812834,1.4578736416286917
"[841, 218, 1241, 374]","[846, 233, 1240, 372]",0.8776602564102564,2.624620800942078,6.973944081507503,4.349323280565425
