Ground Truth Coordinates,Detection Coordinates,IoU Value
"[543, 183, 591, 221]","[542, 182, 593, 220]",0.8942598187311178
"[0, 211, 372, 374]","[0, 192, 347, 372]",0.8309955525145398
"[343, 181, 455, 235]","[372, 183, 450, 228]",0.5803571428571429
"[440, 184, 511, 217]","[438, 180, 505, 229]",0.6162022407354208
"[683, 186, 822, 287]","[696, 191, 816, 284]",0.7949284137046798
"[674, 188, 754, 254]","[675, 189, 725, 261]",0.5772646536412078
"[643, 183, 714, 235]","[651, 187, 715, 245]",0.6904109589041096
"[184, 186, 274, 226]","[182, 185, 273, 225]",0.9209339347306978
