Ground Truth Coordinates,Detection Coordinates,IoU Value
"[626, 178, 897, 269]","[623, 179, 893, 267]",0.9426680040120361
"[0, 178, 83, 252]","[0, 182, 73, 246]",0.760664278736568
