Ground Truth Coordinates,Detection Coordinates,IoU Value
"[332, 180, 465, 225]","[357, 178, 462, 216]",0.6101694915254238
"[642, 174, 715, 233]","[651, 173, 719, 231]",0.7925266130784271
"[451, 186, 530, 246]","[451, 181, 528, 242]",0.8413658536585366
"[0, 183, 289, 309]","[0, 182, 282, 301]",0.9068018312622629
"[0, 184, 169, 359]","[0, 209, 161, 330]",0.658698224852071
"[841, 218, 1241, 374]","[846, 233, 1240, 372]",0.8776602564102564
