Ground Truth Coordinates,Detection Coordinates,IoU Value,Distance GT,Distance DT,Distance Error (m)
"[588, 167, 650, 213]","[587, 167, 641, 212]",0.8232654470141526,27.47607145508944,30.41332200836697,2.9372505532775293
"[240, 205, 328, 261]","[247, 206, 328, 252]",0.7560876623376623,25.790991746294836,16.47271516942735,9.318276576867486
"[962, 156, 1215, 234]","[982, 158, 1188, 231]",0.7620350663828924,15.992739645762821,24.520296777217165,8.527557131454344
"[855, 157, 1064, 220]","[852, 159, 989, 218]",0.5924760191846523,18.575306823432328,28.715284184376348,10.13997736094402
"[636, 163, 674, 193]","[642, 167, 670, 195]",0.6086956521739131,38.60725649139698,53.86981363900634,15.262557147609357
