Ground Truth Coordinates,Detection Coordinates,IoU Value
"[779, 156, 1019, 307]","[781, 162, 1008, 300]",0.8644039735099338
"[0, 197, 295, 374]","[0, 195, 284, 371]",0.9362105223272644
"[507, 176, 557, 210]","[506, 178, 553, 210]",0.8498845265588915
"[741, 180, 844, 247]","[742, 181, 815, 242]",0.6452688016229532
"[718, 173, 789, 227]","[716, 176, 762, 225]",0.5483214649033571
"[697, 173, 740, 207]","[682, 173, 731, 209]",0.5584541062801932
"[582, 173, 606, 191]","[580, 174, 610, 194]",0.6538461538461539
