Ground Truth Coordinates,Detection Coordinates,IoU Value,Distance GT,Distance DT,Distance Error (m)
"[501, 171, 548, 210]","[498, 178, 543, 212]",0.6656760772659732,30.899236625602004,30.64353850322037,0.25569812238163436
"[284, 182, 330, 207]","[283, 180, 327, 204]",0.7507936507936508,50.60004343606256,41.49006064063824,9.109982795424322
"[539, 178, 565, 199]","[541, 182, 564, 206]",0.553041018387553,51.56030544020106,36.030115005011865,15.530190435189198
"[375, 180, 403, 197]","[371, 178, 414, 196]",0.5586034912718204,67.6826958632037,53.713015946405704,13.969679916798
"[585, 175, 622, 212]","[584, 172, 620, 207]",0.7422133863485753,31.961643452468373,34.86799945069293,2.906355998224555
