Ground Truth Coordinates,Detection Coordinates,IoU Value
"[588, 167, 650, 213]","[587, 167, 641, 212]",0.8232654470141526
"[240, 205, 328, 261]","[247, 206, 328, 252]",0.7560876623376623
"[962, 156, 1215, 234]","[982, 158, 1188, 231]",0.7620350663828924
"[855, 157, 1064, 220]","[852, 159, 989, 218]",0.5924760191846523
"[636, 163, 674, 193]","[642, 167, 670, 195]",0.6086956521739131
