Ground Truth Coordinates,Detection Coordinates,IoU Value
"[444, 181, 494, 224]","[445, 174, 493, 222]",0.7916331456154465
"[338, 181, 424, 213]","[375, 181, 421, 211]",0.501453488372093
"[1, 180, 141, 243]","[1, 184, 124, 244]",0.8114726601811473
"[629, 173, 703, 195]","[630, 177, 693, 198]",0.624105668684645
