Ground Truth Coordinates,Detection Coordinates,IoU Value,Distance GT,Distance DT,Distance Error (m)
"[444, 181, 494, 224]","[445, 174, 493, 222]",0.7916331456154465,24.563423479776358,24.679869911059292,0.11644643128293453
"[338, 181, 424, 213]","[375, 181, 421, 211]",0.501453488372093,33.90303844859599,32.523922076027226,1.3791163725687667
"[1, 180, 141, 243]","[1, 184, 124, 244]",0.8114726601811473,23.64053303403872,20.9996197254808,2.64091330855792
"[629, 173, 703, 195]","[630, 177, 693, 198]",0.624105668684645,47.77152069280611,47.46751438544653,0.3040063073595789
