Ground Truth Coordinates,Detection Coordinates,IoU Value,Distance GT,Distance DT,Distance Error (m)
"[788, 184, 930, 240]","[791, 183, 925, 238]",0.8948800395745733,19.90058279292772,19.327884472138198,0.5726983207895238
"[313, 185, 361, 211]","[316, 183, 359, 207]",0.7091454272863568,47.53186901200787,37.262213185925674,10.269655826082193
