Ground Truth Coordinates,Detection Coordinates,IoU Value,Distance GT,Distance DT,Distance Error (m)
"[626, 178, 897, 269]","[623, 179, 893, 267]",0.9426680040120361,12.667071472671381,12.910483862776342,0.24341239010496096
"[0, 178, 83, 252]","[0, 182, 73, 246]",0.760664278736568,19.700254512545794,20.785033451094357,1.0847789385485633
