Ground Truth Coordinates,Detection Coordinates,IoU Value
"[565, 181, 623, 228]","[564, 178, 621, 226]",0.8565601631543168
"[33, 195, 434, 374]","[49, 207, 438, 371]",0.8716780561883067
"[321, 192, 491, 307]","[353, 194, 488, 300]",0.7319693094629156
"[522, 178, 564, 208]","[522, 177, 564, 211]",0.8823529411764706
"[778, 171, 1086, 374]","[777, 184, 1071, 370]",0.8690479987242864
"[646, 180, 704, 223]","[646, 180, 704, 224]",0.9772727272727273
