Ground Truth Coordinates,Detection Coordinates,IoU Value
"[608, 183, 684, 239]","[610, 182, 685, 238]",0.927952576379389
"[706, 165, 966, 337]","[710, 177, 959, 341]",0.8714673199755009
