Ground Truth Coordinates,Detection Coordinates,IoU Value
"[581, 176, 622, 214]","[581, 176, 622, 210]",0.8947368421052632
"[0, 175, 244, 299]","[0, 177, 234, 296]",0.9203463775780011
"[283, 185, 464, 297]","[292, 187, 459, 295]",0.8897000789265983
"[245, 184, 373, 248]","[245, 186, 343, 247]",0.729736328125
"[473, 183, 541, 229]","[475, 184, 535, 229]",0.8631713554987213
"[439, 180, 486, 209]","[436, 178, 481, 214]",0.690084985835694
