Ground Truth Coordinates,Detection Coordinates,IoU Value,Distance GT,Distance DT,Distance Error (m)
"[918, 155, 1091, 270]","[923, 159, 1088, 261]",0.845941191254084,12.526735279435377,15.406336021549116,2.8796007421137393
"[670, 174, 741, 233]","[668, 178, 740, 234]",0.8808053077099062,17.842807716139667,19.636476003844013,1.793668287704346
"[741, 169, 775, 202]","[742, 172, 780, 198]",0.6853035143769968,34.35041407849278,48.37658790722164,14.026173828728858
"[853, 161, 896, 201]","[839, 160, 893, 201]",0.6855184233076264,34.72274973617653,44.89069614736062,10.16794641118409
