Ground Truth Coordinates,Detection Coordinates,IoU Value,Distance GT,Distance DT,Distance Error (m)
"[922, 147, 1241, 297]","[952, 153, 1240, 294]",0.8486520376175548,9.392174559724607,11.852009733560308,2.4598351738357014
"[0, 189, 206, 374]","[0, 195, 202, 369]",0.9222776174232485,4.105116110713791,7.42579060534418,3.3206744946303894
"[111, 184, 369, 334]","[163, 188, 359, 318]",0.6583979328165375,8.901347913664482,9.109272565919829,0.20792465225534684
