Ground Truth Coordinates,Detection Coordinates,IoU Value
"[575, 172, 630, 222]","[575, 174, 630, 221]",0.94
"[0, 156, 274, 375]","[0, 157, 263, 371]",0.9379395393793954
"[166, 185, 324, 256]","[175, 184, 317, 247]",0.775
"[362, 183, 467, 247]","[363, 182, 466, 247]",0.9661439249596951
