Ground Truth Coordinates,Detection Coordinates,IoU Value
"[575, 176, 620, 219]","[578, 171, 625, 210]",0.6102564102564103
"[725, 161, 914, 307]","[725, 165, 908, 295]",0.8621439443357252
"[688, 174, 768, 239]","[691, 176, 751, 237]",0.7038461538461539
"[652, 171, 690, 206]","[651, 173, 686, 203]",0.75
