Ground Truth Coordinates,Detection Coordinates,IoU Value
"[788, 184, 930, 240]","[791, 183, 925, 238]",0.8948800395745733
"[313, 185, 361, 211]","[316, 183, 359, 207]",0.7091454272863568
