Ground Truth Coordinates,Detection Coordinates,IoU Value,Distance GT,Distance DT,Distance Error (m)
"[655, 174, 754, 248]","[661, 176, 752, 246]",0.8695058695058695,16.29552695178222,16.422418990711225,0.1268920389290038
"[593, 178, 620, 197]","[590, 178, 620, 198]",0.855,53.734613048886324,47.34594728598749,6.388665762898832
