Ground Truth Coordinates,Detection Coordinates,IoU Value,Distance GT,Distance DT,Distance Error (m)
"[543, 183, 591, 221]","[542, 182, 593, 220]",0.8942598187311178,26.522832392674545,25.295004146092154,1.2278282465823906
"[0, 211, 372, 374]","[0, 192, 347, 372]",0.8309955525145398,1.8023897500505939,6.985141429961735,5.182751679911141
"[343, 181, 455, 235]","[372, 183, 450, 228]",0.5803571428571429,21.22637351821293,22.391358650050254,1.164985131837323
"[440, 184, 511, 217]","[438, 180, 505, 229]",0.6162022407354208,30.793632328894812,21.5889803717981,9.204651957096711
"[683, 186, 822, 287]","[696, 191, 816, 284]",0.7949284137046798,10.766124915859548,10.929855590841731,0.1637306749821832
"[674, 188, 754, 254]","[675, 189, 725, 261]",0.5772646536412078,15.315273814503852,13.612112059101937,1.703161755401915
"[643, 183, 714, 235]","[651, 187, 715, 245]",0.6904109589041096,19.812669741509925,16.58703643965678,3.2256333018531436
"[184, 186, 274, 226]","[182, 185, 273, 225]",0.9209339347306978,31.321553060049215,25.833965405064934,5.4875876549842815
