Ground Truth Coordinates,Detection Coordinates,IoU Value,Distance GT,Distance DT,Distance Error (m)
"[575, 172, 630, 222]","[575, 174, 630, 221]",0.94,23.184602948479302,33.14687294449052,9.962269996011216
"[0, 156, 274, 375]","[0, 157, 263, 371]",0.9379395393793954,4.980937612962618,7.6556193631566645,2.674681750194046
"[166, 185, 324, 256]","[175, 184, 317, 247]",0.775,16.916605652134752,21.484726367902805,4.568120715768053
"[362, 183, 467, 247]","[363, 182, 466, 247]",0.9661439249596951,17.06260150309847,19.875378354543777,2.8127768514453066
