Ground Truth Coordinates,Detection Coordinates,IoU Value,Distance GT,Distance DT,Distance Error (m)
"[581, 176, 622, 214]","[581, 176, 622, 210]",0.8947368421052632,31.2233444835613,47.858908198346036,16.635563714784737
"[0, 175, 244, 299]","[0, 177, 234, 296]",0.9203463775780011,11.89559725685381,12.95883569949196,1.0632384426381503
"[283, 185, 464, 297]","[292, 187, 459, 295]",0.8897000789265983,10.14070461121762,11.351336164696098,1.2106315534784784
"[245, 184, 373, 248]","[245, 186, 343, 247]",0.729736328125,17.88616736314464,20.94055408271719,3.0543867195725483
"[473, 183, 541, 229]","[475, 184, 535, 229]",0.8631713554987213,22.095111628392516,27.362269949934223,5.267158321541707
"[439, 180, 486, 209]","[436, 178, 481, 214]",0.690084985835694,36.334788844344224,42.0792160106438,5.744427166299573
