Ground Truth Coordinates,Detection Coordinates,IoU Value
"[922, 147, 1241, 297]","[952, 153, 1240, 294]",0.8486520376175548
"[0, 189, 206, 374]","[0, 195, 202, 369]",0.9222776174232485
"[111, 184, 369, 334]","[163, 188, 359, 318]",0.6583979328165375
