Ground Truth Coordinates,Detection Coordinates,IoU Value
"[501, 171, 548, 210]","[498, 178, 543, 212]",0.6656760772659732
"[284, 182, 330, 207]","[283, 180, 327, 204]",0.7507936507936508
"[539, 178, 565, 199]","[541, 182, 564, 206]",0.553041018387553
"[375, 180, 403, 197]","[371, 178, 414, 196]",0.5586034912718204
"[585, 175, 622, 212]","[584, 172, 620, 207]",0.7422133863485753
