Ground Truth Coordinates,Detection Coordinates,IoU Value,Distance GT,Distance DT,Distance Error (m)
"[608, 183, 684, 239]","[610, 182, 685, 238]",0.927952576379389,18.216353420769696,18.300157779880966,0.08380435911126938
"[706, 165, 966, 337]","[710, 177, 959, 341]",0.8714673199755009,6.930877378745936,7.416469429893671,0.4855920511477354
