Ground Truth Coordinates,Detection Coordinates,IoU Value
"[664, 174, 743, 239]","[666, 176, 739, 233]",0.8103213242453748
"[532, 172, 576, 209]","[535, 171, 580, 206]",0.7705914870093975
"[643, 172, 681, 204]","[639, 171, 670, 203]",0.6105032822757112
