Ground Truth Coordinates,Detection Coordinates,IoU Value,Distance GT,Distance DT,Distance Error (m)
"[575, 176, 620, 219]","[578, 171, 625, 210]",0.6102564102564103,26.089566681319514,32.052216304228324,5.96264962290881
"[725, 161, 914, 307]","[725, 165, 908, 295]",0.8621439443357252,8.909140123433886,10.139790437467406,1.2306503140335199
"[688, 174, 768, 239]","[691, 176, 751, 237]",0.7038461538461539,17.29487490885879,18.77986824709003,1.484993338231238
"[652, 171, 690, 206]","[651, 173, 686, 203]",0.75,33.794646418484106,39.62392798478631,5.829281566302207
