Ground Truth Coordinates,Detection Coordinates,IoU Value
"[918, 155, 1091, 270]","[923, 159, 1088, 261]",0.845941191254084
"[670, 174, 741, 233]","[668, 178, 740, 234]",0.8808053077099062
"[741, 169, 775, 202]","[742, 172, 780, 198]",0.6853035143769968
"[853, 161, 896, 201]","[839, 160, 893, 201]",0.6855184233076264
